ano,uf,grande_grupo_nome,sexo,raca_cor_agrupada,n,salario_medio,salario_mediano
2024,AC,Dirigentes e gerentes,Homem,Amarela,2,1567.64,1567.64
2024,AC,Dirigentes e gerentes,Homem,Branca,5,2254.35,1611.26
2024,AC,Dirigentes e gerentes,Homem,Negra (preta+parda),5,2059.52,1849.32
2024,AC,Dirigentes e gerentes,Mulher,Amarela,2,1913.77,1913.77
2024,AC,Dirigentes e gerentes,Mulher,Branca,1,2411.13,2411.13
2024,AC,Dirigentes e gerentes,Mulher,Não informada,5,2359.36,1965.63
2024,AC,Produção industrial (bens e serviços),Homem,Amarela,1,1555.19,1555.19
2024,AC,Produção industrial (bens e serviços),Homem,Branca,2,1549.68,1549.68
2024,AC,Produção industrial (bens e serviços),Homem,Negra (preta+parda),3,981.23,889.64
2024,AC,Produção industrial (bens e serviços),Homem,Não informada,2,2887.33,2887.33
2024,AC,Produção industrial (bens e serviços),Mulher,Amarela,2,1047.4,1047.4
2024,AC,Produção industrial (bens e serviços),Mulher,Branca,2,1446.28,1446.28
2024,AC,Produção industrial (bens e serviços),Mulher,Negra (preta+parda),2,1675.07,1675.07
2024,AC,Produção industrial (bens e serviços),Mulher,Não informada,4,2048.22,1873.72
2024,AC,Profissionais das ciências e artes,Homem,Negra (preta+parda),1,1438.74,1438.74
2024,AC,Profissionais das ciências e artes,Homem,Não informada,4,1298.21,1277.16
2024,AC,Profissionais das ciências e artes,Mulher,Negra (preta+parda),2,2168.9,2168.9
2024,AC,Profissionais das ciências e artes,Mulher,Não informada,3,1474.3,1624.52
2024,AC,Serviços administrativos,Homem,Amarela,1,1634.6,1634.6
2024,AC,Serviços administrativos,Homem,Branca,3,1730.87,1699.61
2024,AC,Serviços administrativos,Homem,Negra (preta+parda),4,2202.28,1867.52
2024,AC,Serviços administrativos,Homem,Não informada,3,2276.4,1829.54
2024,AC,Serviços administrativos,Mulher,Amarela,2,2084.31,2084.31
2024,AC,Serviços administrativos,Mulher,Branca,1,1397.67,1397.67
2024,AC,Serviços administrativos,Mulher,Negra (preta+parda),4,2121.91,2067.99
2024,AC,Serviços administrativos,Mulher,Não informada,2,1116.3,1116.3
2024,AC,Serviços e comércio,Homem,Amarela,2,1113.6,1113.6
2024,AC,Serviços e comércio,Homem,Branca,2,1693.61,1693.61
2024,AC,Serviços e comércio,Homem,Negra (preta+parda),5,1259.07,1071.73
2024,AC,Serviços e comércio,Homem,Não informada,7,1861.49,2010.68
2024,AC,Serviços e comércio,Mulher,Branca,2,1380.27,1380.27
2024,AC,Serviços e comércio,Mulher,Negra (preta+parda),1,1284.11,1284.11
2024,AL,Dirigentes e gerentes,Homem,Amarela,1,1087.88,1087.88
2024,AL,Dirigentes e gerentes,Homem,Branca,3,1928.48,1950.61
2024,AL,Dirigentes e gerentes,Homem,Negra (preta+parda),1,1994.59,1994.59
2024,AL,Dirigentes e gerentes,Homem,Não informada,4,1852.8,1877.58
2024,AL,Dirigentes e gerentes,Mulher,Amarela,2,2189.14,2189.14
2024,AL,Dirigentes e gerentes,Mulher,Branca,4,1731.65,1572.14
2024,AL,Dirigentes e gerentes,Mulher,Negra (preta+parda),1,1482.29,1482.29
2024,AL,Dirigentes e gerentes,Mulher,Não informada,4,1642.57,1595.05
2024,AL,Produção industrial (bens e serviços),Homem,Amarela,2,1832.48,1832.48
2024,AL,Produção industrial (bens e serviços),Homem,Branca,2,1815.93,1815.93
2024,AL,Produção industrial (bens e serviços),Homem,Negra (preta+parda),3,1742.07,1975.98
2024,AL,Produção industrial (bens e serviços),Homem,Não informada,4,1759.9,1771.5
2024,AL,Produção industrial (bens e serviços),Mulher,Amarela,1,1495.86,1495.86
2024,AL,Produção industrial (bens e serviços),Mulher,Branca,1,1764.92,1764.92
2024,AL,Produção industrial (bens e serviços),Mulher,Negra (preta+parda),3,2142.8,2449.35
2024,AL,Produção industrial (bens e serviços),Mulher,Não informada,4,3147.16,2794.61
2024,AL,Profissionais das ciências e artes,Homem,Amarela,1,1532.83,1532.83
2024,AL,Profissionais das ciências e artes,Homem,Branca,2,2399.82,2399.82
2024,AL,Profissionais das ciências e artes,Homem,Negra (preta+parda),4,1445.78,1447.81
2024,AL,Profissionais das ciências e artes,Homem,Não informada,3,1453.4,1492.61
2024,AL,Profissionais das ciências e artes,Mulher,Branca,2,1734.88,1734.88
2024,AL,Profissionais das ciências e artes,Mulher,Negra (preta+parda),1,1769.36,1769.36
2024,AL,Profissionais das ciências e artes,Mulher,Não informada,2,2484.89,2484.89
2024,AL,Serviços administrativos,Homem,Amarela,3,1514.88,1213.67
2024,AL,Serviços administrativos,Homem,Branca,3,1720.91,1482.83
2024,AL,Serviços administrativos,Homem,Negra (preta+parda),5,2278.58,2394.67
2024,AL,Serviços administrativos,Homem,Não informada,3,1952.25,2237.44
2024,AL,Serviços administrativos,Mulher,Amarela,4,1623.32,1609.45
2024,AL,Serviços administrativos,Mulher,Branca,2,1992.18,1992.18
2024,AL,Serviços administrativos,Mulher,Negra (preta+parda),4,2335.8,2032.66
2024,AL,Serviços e comércio,Homem,Amarela,3,2559.56,2368.74
2024,AL,Serviços e comércio,Homem,Branca,1,2963.81,2963.81
2024,AL,Serviços e comércio,Homem,Negra (preta+parda),5,2073.71,2046.65
2024,AL,Serviços e comércio,Homem,Não informada,4,2280.98,2242.52
2024,AL,Serviços e comércio,Mulher,Amarela,1,2316.89,2316.89
2024,AL,Serviços e comércio,Mulher,Branca,1,1514.94,1514.94
2024,AL,Serviços e comércio,Mulher,Negra (preta+parda),1,1483.75,1483.75
2024,AL,Serviços e comércio,Mulher,Não informada,2,2360.68,2360.68
2024,AM,Dirigentes e gerentes,Homem,Amarela,2,1593.19,1593.19
2024,AM,Dirigentes e gerentes,Homem,Branca,2,1781.24,1781.24
2024,AM,Dirigentes e gerentes,Homem,Negra (preta+parda),4,2091.95,1965.41
2024,AM,Dirigentes e gerentes,Homem,Não informada,1,1511.33,1511.33
2024,AM,Dirigentes e gerentes,Mulher,Amarela,2,1570.3,1570.3
2024,AM,Dirigentes e gerentes,Mulher,Branca,1,1352.79,1352.79
2024,AM,Dirigentes e gerentes,Mulher,Negra (preta+parda),5,2022.86,2216.09
2024,AM,Dirigentes e gerentes,Mulher,Não informada,2,1490.56,1490.56
2024,AM,Produção industrial (bens e serviços),Homem,Branca,4,1729.81,1423.22
2024,AM,Produção industrial (bens e serviços),Homem,Negra (preta+parda),2,1748.19,1748.19
2024,AM,Produção industrial (bens e serviços),Homem,Não informada,4,2329.97,1261.8
2024,AM,Produção industrial (bens e serviços),Mulher,Amarela,1,2385.93,2385.93
2024,AM,Produção industrial (bens e serviços),Mulher,Negra (preta+parda),4,1727.2,1649.67
2024,AM,Produção industrial (bens e serviços),Mulher,Não informada,5,1814.02,1662.27
2024,AM,Profissionais das ciências e artes,Homem,Amarela,4,1574.2,1709.68
2024,AM,Profissionais das ciências e artes,Homem,Negra (preta+parda),3,1488.9,959.24
2024,AM,Profissionais das ciências e artes,Homem,Não informada,2,1568.04,1568.04
2024,AM,Profissionais das ciências e artes,Mulher,Amarela,1,1509.5,1509.5
2024,AM,Profissionais das ciências e artes,Mulher,Branca,2,1323.74,1323.74
2024,AM,Profissionais das ciências e artes,Mulher,Negra (preta+parda),7,1711.58,1835.78
2024,AM,Profissionais das ciências e artes,Mulher,Não informada,1,4395.75,4395.75
2024,AM,Serviços administrativos,Homem,Amarela,4,2176.42,2060.97
2024,AM,Serviços administrativos,Homem,Branca,3,2502.72,2534.8
2024,AM,Serviços administrativos,Homem,Negra (preta+parda),3,1911.07,1939.56
2024,AM,Serviços administrativos,Homem,Não informada,3,1468.01,1214.99
2024,AM,Serviços administrativos,Mulher,Branca,1,2084.32,2084.32
2024,AM,Serviços administrativos,Mulher,Negra (preta+parda),4,1744.24,1588.18
2024,AM,Serviços e comércio,Homem,Amarela,1,1970.6,1970.6
2024,AM,Serviços e comércio,Homem,Branca,3,1653.48,1650.62
2024,AM,Serviços e comércio,Homem,Negra (preta+parda),3,1873.62,2035.75
2024,AM,Serviços e comércio,Homem,Não informada,5,1992.77,1772.87
2024,AM,Serviços e comércio,Mulher,Amarela,2,1035.33,1035.33
2024,AM,Serviços e comércio,Mulher,Branca,2,1721.66,1721.66
2024,AM,Serviços e comércio,Mulher,Negra (preta+parda),1,1702.36,1702.36
2024,AM,Serviços e comércio,Mulher,Não informada,1,2007.65,2007.65
2024,AP,Dirigentes e gerentes,Homem,Amarela,3,1586.65,1664.78
2024,AP,Dirigentes e gerentes,Homem,Branca,2,2044.28,2044.28
2024,AP,Dirigentes e gerentes,Homem,Negra (preta+parda),2,2380.98,2380.98
2024,AP,Dirigentes e gerentes,Homem,Não informada,4,1601.67,1618.75
2024,AP,Dirigentes e gerentes,Mulher,Amarela,1,2317.99,2317.99
2024,AP,Dirigentes e gerentes,Mulher,Negra (preta+parda),3,1609.7,1709.22
2024,AP,Dirigentes e gerentes,Mulher,Não informada,1,1221.24,1221.24
2024,AP,Produção industrial (bens e serviços),Homem,Amarela,3,2236.57,2219.61
2024,AP,Produção industrial (bens e serviços),Homem,Branca,2,2589.34,2589.34
2024,AP,Produção industrial (bens e serviços),Homem,Negra (preta+parda),3,2123.54,2070.8
2024,AP,Produção industrial (bens e serviços),Homem,Não informada,4,1833.64,1851.89
2024,AP,Produção industrial (bens e serviços),Mulher,Branca,2,2061.38,2061.38
2024,AP,Produção industrial (bens e serviços),Mulher,Negra (preta+parda),2,1894.9,1894.9
2024,AP,Profissionais das ciências e artes,Homem,Amarela,2,1299.9,1299.9
2024,AP,Profissionais das ciências e artes,Homem,Branca,5,1881.45,1894.03
2024,AP,Profissionais das ciências e artes,Homem,Negra (preta+parda),7,2173.83,2041.12
2024,AP,Profissionais das ciências e artes,Homem,Não informada,2,1488.02,1488.02
2024,AP,Profissionais das ciências e artes,Mulher,Negra (preta+parda),3,2850.41,1888.85
2024,AP,Profissionais das ciências e artes,Mulher,Não informada,1,2851.0,2851.0
2024,AP,Serviços administrativos,Homem,Negra (preta+parda),2,2027.35,2027.35
2024,AP,Serviços administrativos,Homem,Não informada,6,2000.76,1503.56
2024,AP,Serviços administrativos,Mulher,Amarela,1,1417.84,1417.84
2024,AP,Serviços administrativos,Mulher,Branca,1,1903.47,1903.47
2024,AP,Serviços administrativos,Mulher,Negra (preta+parda),5,1860.83,1917.21
2024,AP,Serviços administrativos,Mulher,Não informada,1,1068.29,1068.29
2024,AP,Serviços e comércio,Homem,Amarela,4,2121.4,2030.1
2024,AP,Serviços e comércio,Homem,Branca,1,1464.2,1464.2
2024,AP,Serviços e comércio,Homem,Negra (preta+parda),5,2204.99,1892.48
2024,AP,Serviços e comércio,Homem,Não informada,1,1445.44,1445.44
2024,AP,Serviços e comércio,Mulher,Branca,3,2198.58,1711.19
2024,AP,Serviços e comércio,Mulher,Negra (preta+parda),1,762.67,762.67
2024,AP,Serviços e comércio,Mulher,Não informada,4,1865.99,1716.86
2024,BA,Dirigentes e gerentes,Homem,Amarela,4,1725.0,1893.17
2024,BA,Dirigentes e gerentes,Homem,Negra (preta+parda),2,2602.1,2602.1
2024,BA,Dirigentes e gerentes,Homem,Não informada,1,2237.03,2237.03
2024,BA,Dirigentes e gerentes,Mulher,Amarela,1,2846.76,2846.76
2024,BA,Dirigentes e gerentes,Mulher,Branca,2,1136.08,1136.08
2024,BA,Dirigentes e gerentes,Mulher,Negra (preta+parda),3,3213.44,3065.7
2024,BA,Dirigentes e gerentes,Mulher,Não informada,5,1587.83,1483.15
2024,BA,Produção industrial (bens e serviços),Homem,Negra (preta+parda),6,2012.55,1713.9
2024,BA,Produção industrial (bens e serviços),Homem,Não informada,4,1721.59,1533.18
2024,BA,Produção industrial (bens e serviços),Mulher,Amarela,1,2140.69,2140.69
2024,BA,Produção industrial (bens e serviços),Mulher,Branca,1,1100.44,1100.44
2024,BA,Produção industrial (bens e serviços),Mulher,Negra (preta+parda),5,2309.9,1901.46
2024,BA,Produção industrial (bens e serviços),Mulher,Não informada,2,1843.59,1843.59
2024,BA,Profissionais das ciências e artes,Homem,Amarela,3,2133.0,2068.96
2024,BA,Profissionais das ciências e artes,Homem,Negra (preta+parda),9,2394.21,2244.38
2024,BA,Profissionais das ciências e artes,Homem,Não informada,4,2337.1,2396.57
2024,BA,Profissionais das ciências e artes,Mulher,Amarela,1,1641.88,1641.88
2024,BA,Profissionais das ciências e artes,Mulher,Branca,2,1724.24,1724.24
2024,BA,Profissionais das ciências e artes,Mulher,Negra (preta+parda),2,1287.0,1287.0
2024,BA,Profissionais das ciências e artes,Mulher,Não informada,7,1698.79,1959.48
2024,BA,Serviços administrativos,Homem,Amarela,2,1878.89,1878.89
2024,BA,Serviços administrativos,Homem,Branca,2,1851.88,1851.88
2024,BA,Serviços administrativos,Homem,Negra (preta+parda),4,1735.82,1742.28
2024,BA,Serviços administrativos,Homem,Não informada,2,2873.9,2873.9
2024,BA,Serviços administrativos,Mulher,Amarela,1,1774.44,1774.44
2024,BA,Serviços administrativos,Mulher,Branca,3,2699.88,2843.48
2024,BA,Serviços administrativos,Mulher,Negra (preta+parda),3,1848.79,1825.58
2024,BA,Serviços administrativos,Mulher,Não informada,3,1434.7,1456.34
2024,BA,Serviços e comércio,Homem,Amarela,4,1917.83,1979.88
2024,BA,Serviços e comércio,Homem,Branca,4,1673.63,1736.5
2024,BA,Serviços e comércio,Homem,Negra (preta+parda),4,2124.51,2294.05
2024,BA,Serviços e comércio,Homem,Não informada,3,1936.1,1990.24
2024,BA,Serviços e comércio,Mulher,Amarela,4,1816.03,1549.18
2024,BA,Serviços e comércio,Mulher,Branca,2,1261.87,1261.87
2024,BA,Serviços e comércio,Mulher,Negra (preta+parda),2,1569.82,1569.82
2024,BA,Serviços e comércio,Mulher,Não informada,3,2524.23,2170.31
2024,CE,Dirigentes e gerentes,Homem,Amarela,3,1667.87,1668.98
2024,CE,Dirigentes e gerentes,Homem,Branca,4,2092.47,2073.92
2024,CE,Dirigentes e gerentes,Homem,Negra (preta+parda),2,1834.72,1834.72
2024,CE,Dirigentes e gerentes,Homem,Não informada,7,1948.8,2061.9
2024,CE,Dirigentes e gerentes,Mulher,Amarela,2,2969.4,2969.4
2024,CE,Dirigentes e gerentes,Mulher,Branca,2,1698.41,1698.41
2024,CE,Dirigentes e gerentes,Mulher,Negra (preta+parda),6,2425.65,2370.04
2024,CE,Dirigentes e gerentes,Mulher,Não informada,1,1278.97,1278.97
2024,CE,Produção industrial (bens e serviços),Homem,Amarela,1,1595.6,1595.6
2024,CE,Produção industrial (bens e serviços),Homem,Branca,1,1346.18,1346.18
2024,CE,Produção industrial (bens e serviços),Homem,Negra (preta+parda),2,1307.76,1307.76
2024,CE,Produção industrial (bens e serviços),Homem,Não informada,2,1849.28,1849.28
2024,CE,Produção industrial (bens e serviços),Mulher,Amarela,1,1836.54,1836.54
2024,CE,Produção industrial (bens e serviços),Mulher,Não informada,2,1862.85,1862.85
2024,CE,Profissionais das ciências e artes,Homem,Amarela,3,2214.11,2350.72
2024,CE,Profissionais das ciências e artes,Homem,Branca,2,1816.2,1816.2
2024,CE,Profissionais das ciências e artes,Homem,Negra (preta+parda),5,1904.01,1646.43
2024,CE,Profissionais das ciências e artes,Homem,Não informada,2,2110.94,2110.94
2024,CE,Profissionais das ciências e artes,Mulher,Amarela,2,1983.32,1983.32
2024,CE,Profissionais das ciências e artes,Mulher,Negra (preta+parda),4,2443.83,2070.29
2024,CE,Profissionais das ciências e artes,Mulher,Não informada,3,1345.82,1457.04
2024,CE,Serviços administrativos,Homem,Amarela,3,1528.25,1607.53
2024,CE,Serviços administrativos,Homem,Branca,4,2636.4,2815.84
2024,CE,Serviços administrativos,Homem,Negra (preta+parda),2,2087.43,2087.43
2024,CE,Serviços administrativos,Homem,Não informada,2,1764.53,1764.53
2024,CE,Serviços administrativos,Mulher,Amarela,2,1634.84,1634.84
2024,CE,Serviços administrativos,Mulher,Branca,2,1746.04,1746.04
2024,CE,Serviços administrativos,Mulher,Negra (preta+parda),2,2403.38,2403.38
2024,CE,Serviços administrativos,Mulher,Não informada,5,2310.09,2111.16
2024,CE,Serviços e comércio,Homem,Amarela,2,2130.3,2130.3
2024,CE,Serviços e comércio,Homem,Branca,4,2559.89,1661.28
2024,CE,Serviços e comércio,Homem,Negra (preta+parda),2,2196.12,2196.12
2024,CE,Serviços e comércio,Homem,Não informada,3,1615.08,1692.15
2024,CE,Serviços e comércio,Mulher,Amarela,1,2606.03,2606.03
2024,CE,Serviços e comércio,Mulher,Branca,3,1338.69,1347.08
2024,CE,Serviços e comércio,Mulher,Negra (preta+parda),5,2060.01,2177.04
2024,CE,Serviços e comércio,Mulher,Não informada,3,1525.88,1425.15
2024,DF,Dirigentes e gerentes,Homem,Amarela,4,1748.91,1673.16
2024,DF,Dirigentes e gerentes,Homem,Negra (preta+parda),3,1320.66,1324.59
2024,DF,Dirigentes e gerentes,Homem,Não informada,3,2379.55,2055.56
2024,DF,Dirigentes e gerentes,Mulher,Amarela,1,3186.76,3186.76
2024,DF,Dirigentes e gerentes,Mulher,Branca,1,2018.01,2018.01
2024,DF,Dirigentes e gerentes,Mulher,Negra (preta+parda),3,1717.45,1597.75
2024,DF,Dirigentes e gerentes,Mulher,Não informada,2,1446.68,1446.68
2024,DF,Produção industrial (bens e serviços),Homem,Amarela,3,2163.74,1926.77
2024,DF,Produção industrial (bens e serviços),Homem,Branca,2,1639.62,1639.62
2024,DF,Produção industrial (bens e serviços),Homem,Negra (preta+parda),2,3196.52,3196.52
2024,DF,Produção industrial (bens e serviços),Homem,Não informada,4,2342.68,1981.76
2024,DF,Produção industrial (bens e serviços),Mulher,Amarela,1,1176.9,1176.9
2024,DF,Produção industrial (bens e serviços),Mulher,Branca,1,2188.45,2188.45
2024,DF,Produção industrial (bens e serviços),Mulher,Negra (preta+parda),1,1143.04,1143.04
2024,DF,Produção industrial (bens e serviços),Mulher,Não informada,2,1995.56,1995.56
2024,DF,Profissionais das ciências e artes,Homem,Amarela,1,2076.72,2076.72
2024,DF,Profissionais das ciências e artes,Homem,Branca,1,2746.54,2746.54
2024,DF,Profissionais das ciências e artes,Homem,Negra (preta+parda),3,1552.55,1208.68
2024,DF,Profissionais das ciências e artes,Homem,Não informada,3,1671.54,1701.55
2024,DF,Profissionais das ciências e artes,Mulher,Branca,1,975.99,975.99
2024,DF,Profissionais das ciências e artes,Mulher,Negra (preta+parda),1,1517.29,1517.29
2024,DF,Profissionais das ciências e artes,Mulher,Não informada,2,1273.12,1273.12
2024,DF,Serviços administrativos,Homem,Amarela,1,2306.06,2306.06
2024,DF,Serviços administrativos,Homem,Branca,1,2136.3,2136.3
2024,DF,Serviços administrativos,Homem,Negra (preta+parda),5,2717.58,2216.7
2024,DF,Serviços administrativos,Homem,Não informada,3,1535.52,1643.91
2024,DF,Serviços administrativos,Mulher,Amarela,3,2152.83,1979.55
2024,DF,Serviços administrativos,Mulher,Branca,2,1682.62,1682.62
2024,DF,Serviços administrativos,Mulher,Negra (preta+parda),3,1968.6,1919.0
2024,DF,Serviços administrativos,Mulher,Não informada,6,1932.96,1949.02
2024,DF,Serviços e comércio,Homem,Amarela,4,1805.76,1827.08
2024,DF,Serviços e comércio,Homem,Branca,3,1716.6,1770.83
2024,DF,Serviços e comércio,Homem,Negra (preta+parda),6,1890.99,1757.86
2024,DF,Serviços e comércio,Homem,Não informada,4,1339.98,1101.35
2024,DF,Serviços e comércio,Mulher,Amarela,2,1631.96,1631.96
2024,DF,Serviços e comércio,Mulher,Branca,2,2137.71,2137.71
2024,DF,Serviços e comércio,Mulher,Negra (preta+parda),3,1516.53,1633.08
2024,ES,Dirigentes e gerentes,Homem,Amarela,6,2082.92,1684.74
2024,ES,Dirigentes e gerentes,Homem,Branca,1,1139.48,1139.48
2024,ES,Dirigentes e gerentes,Homem,Negra (preta+parda),1,1274.07,1274.07
2024,ES,Dirigentes e gerentes,Homem,Não informada,2,1359.78,1359.78
2024,ES,Dirigentes e gerentes,Mulher,Amarela,2,1743.84,1743.84
2024,ES,Dirigentes e gerentes,Mulher,Branca,2,1228.33,1228.33
2024,ES,Dirigentes e gerentes,Mulher,Negra (preta+parda),4,1678.64,1379.1
2024,ES,Dirigentes e gerentes,Mulher,Não informada,4,1669.76,1734.48
2024,ES,Produção industrial (bens e serviços),Homem,Amarela,1,2742.38,2742.38
2024,ES,Produção industrial (bens e serviços),Homem,Negra (preta+parda),6,2221.05,2111.69
2024,ES,Produção industrial (bens e serviços),Homem,Não informada,4,2258.31,2240.79
2024,ES,Produção industrial (bens e serviços),Mulher,Amarela,1,1206.67,1206.67
2024,ES,Produção industrial (bens e serviços),Mulher,Branca,2,1229.49,1229.49
2024,ES,Produção industrial (bens e serviços),Mulher,Negra (preta+parda),1,2276.65,2276.65
2024,ES,Produção industrial (bens e serviços),Mulher,Não informada,1,2045.54,2045.54
2024,ES,Profissionais das ciências e artes,Homem,Amarela,1,1042.59,1042.59
2024,ES,Profissionais das ciências e artes,Homem,Branca,3,1903.42,1863.95
2024,ES,Profissionais das ciências e artes,Homem,Negra (preta+parda),1,2372.4,2372.4
2024,ES,Profissionais das ciências e artes,Homem,Não informada,1,2625.68,2625.68
2024,ES,Profissionais das ciências e artes,Mulher,Amarela,2,2007.92,2007.92
2024,ES,Profissionais das ciências e artes,Mulher,Negra (preta+parda),1,908.82,908.82
2024,ES,Profissionais das ciências e artes,Mulher,Não informada,6,2405.51,2143.96
2024,ES,Serviços administrativos,Homem,Amarela,2,1719.26,1719.26
2024,ES,Serviços administrativos,Homem,Branca,2,2503.66,2503.66
2024,ES,Serviços administrativos,Homem,Negra (preta+parda),4,3262.49,2393.24
2024,ES,Serviços administrativos,Homem,Não informada,2,2177.15,2177.15
2024,ES,Serviços administrativos,Mulher,Branca,4,2797.63,2915.26
2024,ES,Serviços administrativos,Mulher,Negra (preta+parda),1,1142.88,1142.88
2024,ES,Serviços administrativos,Mulher,Não informada,7,2058.91,1877.85
2024,ES,Serviços e comércio,Homem,Amarela,2,1794.55,1794.55
2024,ES,Serviços e comércio,Homem,Branca,1,1341.44,1341.44
2024,ES,Serviços e comércio,Homem,Negra (preta+parda),4,2299.79,2203.07
2024,ES,Serviços e comércio,Homem,Não informada,2,1419.88,1419.88
2024,ES,Serviços e comércio,Mulher,Amarela,4,2035.62,1948.24
2024,ES,Serviços e comércio,Mulher,Branca,1,489.53,489.53
2024,ES,Serviços e comércio,Mulher,Não informada,4,1936.11,1935.29
2024,GO,Dirigentes e gerentes,Homem,Amarela,1,1513.91,1513.91
2024,GO,Dirigentes e gerentes,Homem,Branca,2,1545.51,1545.51
2024,GO,Dirigentes e gerentes,Homem,Negra (preta+parda),6,1919.51,1773.56
2024,GO,Dirigentes e gerentes,Homem,Não informada,5,2552.08,2357.82
2024,GO,Dirigentes e gerentes,Mulher,Amarela,1,2644.28,2644.28
2024,GO,Dirigentes e gerentes,Mulher,Branca,1,3610.14,3610.14
2024,GO,Dirigentes e gerentes,Mulher,Negra (preta+parda),2,1250.54,1250.54
2024,GO,Dirigentes e gerentes,Mulher,Não informada,2,2164.42,2164.42
2024,GO,Produção industrial (bens e serviços),Homem,Amarela,2,1686.63,1686.63
2024,GO,Produção industrial (bens e serviços),Homem,Branca,3,1934.62,1720.06
2024,GO,Produção industrial (bens e serviços),Homem,Negra (preta+parda),1,1405.34,1405.34
2024,GO,Produção industrial (bens e serviços),Homem,Não informada,5,1832.87,2027.13
2024,GO,Produção industrial (bens e serviços),Mulher,Amarela,2,2547.45,2547.45
2024,GO,Produção industrial (bens e serviços),Mulher,Branca,1,3357.1,3357.1
2024,GO,Produção industrial (bens e serviços),Mulher,Negra (preta+parda),4,1830.25,1709.03
2024,GO,Produção industrial (bens e serviços),Mulher,Não informada,4,1711.95,1780.06
2024,GO,Profissionais das ciências e artes,Homem,Amarela,5,2057.37,1636.9
2024,GO,Profissionais das ciências e artes,Homem,Negra (preta+parda),2,1529.8,1529.8
2024,GO,Profissionais das ciências e artes,Homem,Não informada,3,1303.88,1438.0
2024,GO,Profissionais das ciências e artes,Mulher,Amarela,1,3205.29,3205.29
2024,GO,Profissionais das ciências e artes,Mulher,Negra (preta+parda),8,2206.85,2086.92
2024,GO,Profissionais das ciências e artes,Mulher,Não informada,3,1368.64,1448.57
2024,GO,Serviços administrativos,Homem,Amarela,2,1274.84,1274.84
2024,GO,Serviços administrativos,Homem,Branca,1,1291.87,1291.87
2024,GO,Serviços administrativos,Homem,Negra (preta+parda),5,2175.04,1716.82
2024,GO,Serviços administrativos,Homem,Não informada,7,1855.36,1978.76
2024,GO,Serviços administrativos,Mulher,Branca,1,1863.6,1863.6
2024,GO,Serviços administrativos,Mulher,Negra (preta+parda),4,1535.85,1392.02
2024,GO,Serviços administrativos,Mulher,Não informada,3,2524.02,2072.64
2024,GO,Serviços e comércio,Homem,Amarela,1,1196.37,1196.37
2024,GO,Serviços e comércio,Homem,Negra (preta+parda),6,2003.42,2064.82
2024,GO,Serviços e comércio,Homem,Não informada,2,1811.84,1811.84
2024,GO,Serviços e comércio,Mulher,Amarela,2,1572.55,1572.55
2024,GO,Serviços e comércio,Mulher,Branca,2,3279.27,3279.27
2024,GO,Serviços e comércio,Mulher,Negra (preta+parda),4,1949.09,2118.6
2024,GO,Serviços e comércio,Mulher,Não informada,1,2160.65,2160.65
2024,MA,Dirigentes e gerentes,Homem,Amarela,1,1750.59,1750.59
2024,MA,Dirigentes e gerentes,Homem,Branca,2,1694.81,1694.81
2024,MA,Dirigentes e gerentes,Homem,Negra (preta+parda),5,1680.86,1602.52
2024,MA,Dirigentes e gerentes,Homem,Não informada,2,2824.5,2824.5
2024,MA,Dirigentes e gerentes,Mulher,Amarela,1,2246.24,2246.24
2024,MA,Dirigentes e gerentes,Mulher,Branca,2,2429.55,2429.55
2024,MA,Dirigentes e gerentes,Mulher,Negra (preta+parda),4,2912.8,2649.26
2024,MA,Dirigentes e gerentes,Mulher,Não informada,1,2131.13,2131.13
2024,MA,Produção industrial (bens e serviços),Homem,Amarela,2,1856.41,1856.41
2024,MA,Produção industrial (bens e serviços),Homem,Branca,1,1864.22,1864.22
2024,MA,Produção industrial (bens e serviços),Homem,Negra (preta+parda),3,1711.12,1893.54
2024,MA,Produção industrial (bens e serviços),Homem,Não informada,4,2027.51,1684.76
2024,MA,Produção industrial (bens e serviços),Mulher,Amarela,1,2311.9,2311.9
2024,MA,Produção industrial (bens e serviços),Mulher,Branca,2,1845.37,1845.37
2024,MA,Produção industrial (bens e serviços),Mulher,Negra (preta+parda),5,2106.07,2266.21
2024,MA,Produção industrial (bens e serviços),Mulher,Não informada,4,1748.77,1368.58
2024,MA,Profissionais das ciências e artes,Homem,Amarela,2,1427.65,1427.65
2024,MA,Profissionais das ciências e artes,Homem,Branca,2,1492.66,1492.66
2024,MA,Profissionais das ciências e artes,Homem,Negra (preta+parda),2,4406.62,4406.62
2024,MA,Profissionais das ciências e artes,Homem,Não informada,5,1664.95,1501.84
2024,MA,Profissionais das ciências e artes,Mulher,Amarela,2,1667.32,1667.32
2024,MA,Profissionais das ciências e artes,Mulher,Branca,3,2463.78,1993.06
2024,MA,Profissionais das ciências e artes,Mulher,Negra (preta+parda),4,1718.47,1735.65
2024,MA,Profissionais das ciências e artes,Mulher,Não informada,4,1187.86,1284.82
2024,MA,Serviços administrativos,Homem,Branca,1,1326.98,1326.98
2024,MA,Serviços administrativos,Homem,Negra (preta+parda),3,1542.66,1521.58
2024,MA,Serviços administrativos,Homem,Não informada,2,2341.9,2341.9
2024,MA,Serviços administrativos,Mulher,Negra (preta+parda),1,1643.37,1643.37
2024,MA,Serviços administrativos,Mulher,Não informada,1,3688.65,3688.65
2024,MA,Serviços e comércio,Homem,Amarela,4,1891.38,1770.25
2024,MA,Serviços e comércio,Homem,Branca,4,1876.98,1485.02
2024,MA,Serviços e comércio,Homem,Negra (preta+parda),2,2302.59,2302.59
2024,MA,Serviços e comércio,Homem,Não informada,2,1598.68,1598.68
2024,MA,Serviços e comércio,Mulher,Amarela,2,2540.08,2540.08
2024,MA,Serviços e comércio,Mulher,Branca,3,1568.93,1378.98
2024,MA,Serviços e comércio,Mulher,Negra (preta+parda),2,1939.51,1939.51
2024,MA,Serviços e comércio,Mulher,Não informada,1,1757.91,1757.91
2024,MG,Dirigentes e gerentes,Homem,Amarela,2,3137.9,3137.9
2024,MG,Dirigentes e gerentes,Homem,Branca,2,1711.5,1711.5
2024,MG,Dirigentes e gerentes,Homem,Negra (preta+parda),2,1776.72,1776.72
2024,MG,Dirigentes e gerentes,Homem,Não informada,3,1516.75,1706.81
2024,MG,Dirigentes e gerentes,Mulher,Amarela,1,1539.16,1539.16
2024,MG,Dirigentes e gerentes,Mulher,Branca,2,2322.22,2322.22
2024,MG,Dirigentes e gerentes,Mulher,Negra (preta+parda),1,1282.23,1282.23
2024,MG,Dirigentes e gerentes,Mulher,Não informada,3,3132.78,2304.41
2024,MG,Produção industrial (bens e serviços),Homem,Amarela,3,2426.28,2384.37
2024,MG,Produção industrial (bens e serviços),Homem,Negra (preta+parda),4,2400.83,2056.55
2024,MG,Produção industrial (bens e serviços),Homem,Não informada,1,2022.42,2022.42
2024,MG,Produção industrial (bens e serviços),Mulher,Amarela,2,2659.34,2659.34
2024,MG,Produção industrial (bens e serviços),Mulher,Branca,3,1640.02,2038.33
2024,MG,Produção industrial (bens e serviços),Mulher,Negra (preta+parda),2,1217.84,1217.84
2024,MG,Produção industrial (bens e serviços),Mulher,Não informada,3,1221.03,1162.64
2024,MG,Profissionais das ciências e artes,Homem,Amarela,3,1865.45,1773.71
2024,MG,Profissionais das ciências e artes,Homem,Branca,1,2047.21,2047.21
2024,MG,Profissionais das ciências e artes,Homem,Negra (preta+parda),2,2541.23,2541.23
2024,MG,Profissionais das ciências e artes,Homem,Não informada,3,2214.09,2361.69
2024,MG,Profissionais das ciências e artes,Mulher,Amarela,1,1353.58,1353.58
2024,MG,Profissionais das ciências e artes,Mulher,Branca,2,1914.2,1914.2
2024,MG,Profissionais das ciências e artes,Mulher,Negra (preta+parda),2,1571.88,1571.88
2024,MG,Profissionais das ciências e artes,Mulher,Não informada,5,1964.13,2216.36
2024,MG,Serviços administrativos,Homem,Amarela,3,1919.33,1964.48
2024,MG,Serviços administrativos,Homem,Branca,2,1549.28,1549.28
2024,MG,Serviços administrativos,Homem,Negra (preta+parda),4,1609.74,1624.21
2024,MG,Serviços administrativos,Homem,Não informada,4,1576.75,1606.94
2024,MG,Serviços administrativos,Mulher,Amarela,2,1187.24,1187.24
2024,MG,Serviços administrativos,Mulher,Negra (preta+parda),6,1557.35,1437.64
2024,MG,Serviços administrativos,Mulher,Não informada,2,1954.02,1954.02
2024,MG,Serviços e comércio,Homem,Amarela,3,1702.73,2046.58
2024,MG,Serviços e comércio,Homem,Branca,1,2829.24,2829.24
2024,MG,Serviços e comércio,Homem,Negra (preta+parda),2,2012.62,2012.62
2024,MG,Serviços e comércio,Homem,Não informada,2,1528.16,1528.16
2024,MG,Serviços e comércio,Mulher,Amarela,1,2260.63,2260.63
2024,MG,Serviços e comércio,Mulher,Branca,1,1648.65,1648.65
2024,MG,Serviços e comércio,Mulher,Negra (preta+parda),2,1385.3,1385.3
2024,MG,Serviços e comércio,Mulher,Não informada,5,1465.73,1280.33
2024,MS,Dirigentes e gerentes,Homem,Negra (preta+parda),4,1532.09,1525.44
2024,MS,Dirigentes e gerentes,Homem,Não informada,2,1062.36,1062.36
2024,MS,Dirigentes e gerentes,Mulher,Amarela,4,2631.38,2455.9
2024,MS,Dirigentes e gerentes,Mulher,Branca,1,1642.59,1642.59
2024,MS,Dirigentes e gerentes,Mulher,Negra (preta+parda),4,1619.57,1316.55
2024,MS,Dirigentes e gerentes,Mulher,Não informada,1,1686.91,1686.91
2024,MS,Produção industrial (bens e serviços),Homem,Amarela,1,955.69,955.69
2024,MS,Produção industrial (bens e serviços),Homem,Negra (preta+parda),6,1640.29,1571.1
2024,MS,Produção industrial (bens e serviços),Homem,Não informada,6,2421.42,2145.06
2024,MS,Produção industrial (bens e serviços),Mulher,Amarela,1,1836.03,1836.03
2024,MS,Produção industrial (bens e serviços),Mulher,Branca,3,2655.08,2232.83
2024,MS,Produção industrial (bens e serviços),Mulher,Negra (preta+parda),3,1611.8,1552.87
2024,MS,Produção industrial (bens e serviços),Mulher,Não informada,3,2373.62,1577.34
2024,MS,Profissionais das ciências e artes,Homem,Amarela,2,1544.06,1544.06
2024,MS,Profissionais das ciências e artes,Homem,Branca,1,2275.18,2275.18
2024,MS,Profissionais das ciências e artes,Homem,Negra (preta+parda),3,2177.99,2170.15
2024,MS,Profissionais das ciências e artes,Homem,Não informada,3,1728.81,1754.39
2024,MS,Profissionais das ciências e artes,Mulher,Amarela,3,1581.15,1531.19
2024,MS,Profissionais das ciências e artes,Mulher,Branca,1,2329.31,2329.31
2024,MS,Profissionais das ciências e artes,Mulher,Negra (preta+parda),6,1828.14,1895.74
2024,MS,Profissionais das ciências e artes,Mulher,Não informada,2,1787.0,1787.0
2024,MS,Serviços administrativos,Homem,Amarela,3,2047.86,1255.54
2024,MS,Serviços administrativos,Homem,Branca,4,2262.93,2019.47
2024,MS,Serviços administrativos,Homem,Negra (preta+parda),1,1207.08,1207.08
2024,MS,Serviços administrativos,Homem,Não informada,3,2030.92,1879.72
2024,MS,Serviços administrativos,Mulher,Negra (preta+parda),4,2083.1,2273.54
2024,MS,Serviços administrativos,Mulher,Não informada,2,2230.78,2230.78
2024,MS,Serviços e comércio,Homem,Branca,2,1789.48,1789.48
2024,MS,Serviços e comércio,Homem,Negra (preta+parda),5,2163.82,1853.37
2024,MS,Serviços e comércio,Homem,Não informada,3,2119.26,1848.36
2024,MS,Serviços e comércio,Mulher,Amarela,1,2737.67,2737.67
2024,MS,Serviços e comércio,Mulher,Branca,1,1112.36,1112.36
2024,MS,Serviços e comércio,Mulher,Negra (preta+parda),3,2700.62,2563.2
2024,MS,Serviços e comércio,Mulher,Não informada,2,2711.32,2711.32
2024,MT,Dirigentes e gerentes,Homem,Branca,6,1494.04,1399.96
2024,MT,Dirigentes e gerentes,Homem,Negra (preta+parda),7,1865.21,1830.55
2024,MT,Dirigentes e gerentes,Homem,Não informada,5,2072.21,1924.05
2024,MT,Dirigentes e gerentes,Mulher,Amarela,1,1887.13,1887.13
2024,MT,Dirigentes e gerentes,Mulher,Branca,1,2033.82,2033.82
2024,MT,Dirigentes e gerentes,Mulher,Negra (preta+parda),2,1367.64,1367.64
2024,MT,Dirigentes e gerentes,Mulher,Não informada,3,1250.17,1176.04
2024,MT,Produção industrial (bens e serviços),Homem,Amarela,2,1934.55,1934.55
2024,MT,Produção industrial (bens e serviços),Homem,Branca,2,3053.3,3053.3
2024,MT,Produção industrial (bens e serviços),Homem,Negra (preta+parda),2,1458.45,1458.45
2024,MT,Produção industrial (bens e serviços),Homem,Não informada,3,1971.98,1898.91
2024,MT,Produção industrial (bens e serviços),Mulher,Amarela,2,3389.02,3389.02
2024,MT,Produção industrial (bens e serviços),Mulher,Negra (preta+parda),3,2086.14,1748.85
2024,MT,Produção industrial (bens e serviços),Mulher,Não informada,5,2380.61,2251.35
2024,MT,Profissionais das ciências e artes,Homem,Branca,2,2127.18,2127.18
2024,MT,Profissionais das ciências e artes,Homem,Negra (preta+parda),3,1704.7,2169.23
2024,MT,Profissionais das ciências e artes,Homem,Não informada,2,2060.47,2060.47
2024,MT,Profissionais das ciências e artes,Mulher,Amarela,1,1626.85,1626.85
2024,MT,Profissionais das ciências e artes,Mulher,Branca,1,1891.84,1891.84
2024,MT,Profissionais das ciências e artes,Mulher,Negra (preta+parda),7,2272.61,1817.74
2024,MT,Serviços administrativos,Homem,Amarela,1,1865.8,1865.8
2024,MT,Serviços administrativos,Homem,Negra (preta+parda),1,2683.59,2683.59
2024,MT,Serviços administrativos,Homem,Não informada,7,1581.98,1255.63
2024,MT,Serviços administrativos,Mulher,Amarela,1,1664.77,1664.77
2024,MT,Serviços administrativos,Mulher,Branca,3,2944.06,3091.7
2024,MT,Serviços administrativos,Mulher,Negra (preta+parda),3,2127.49,1589.79
2024,MT,Serviços administrativos,Mulher,Não informada,4,3147.75,3076.76
2024,MT,Serviços e comércio,Homem,Amarela,3,1893.04,2087.42
2024,MT,Serviços e comércio,Homem,Negra (preta+parda),4,1860.34,1781.54
2024,MT,Serviços e comércio,Homem,Não informada,2,2012.96,2012.96
2024,MT,Serviços e comércio,Mulher,Negra (preta+parda),1,1258.4,1258.4
2024,MT,Serviços e comércio,Mulher,Não informada,2,1757.39,1757.39
2024,PA,Dirigentes e gerentes,Homem,Amarela,1,2458.23,2458.23
2024,PA,Dirigentes e gerentes,Homem,Branca,3,2057.07,1532.65
2024,PA,Dirigentes e gerentes,Homem,Negra (preta+parda),4,1638.64,1626.02
2024,PA,Dirigentes e gerentes,Homem,Não informada,5,1545.33,1460.29
2024,PA,Dirigentes e gerentes,Mulher,Negra (preta+parda),3,1945.34,2061.19
2024,PA,Dirigentes e gerentes,Mulher,Não informada,4,2015.26,1869.43
2024,PA,Produção industrial (bens e serviços),Homem,Amarela,1,1046.13,1046.13
2024,PA,Produção industrial (bens e serviços),Homem,Branca,4,2063.04,1916.81
2024,PA,Produção industrial (bens e serviços),Homem,Negra (preta+parda),7,2202.74,2172.57
2024,PA,Produção industrial (bens e serviços),Homem,Não informada,1,1721.99,1721.99
2024,PA,Produção industrial (bens e serviços),Mulher,Amarela,2,1186.63,1186.63
2024,PA,Produção industrial (bens e serviços),Mulher,Branca,1,1035.86,1035.86
2024,PA,Produção industrial (bens e serviços),Mulher,Negra (preta+parda),5,2159.41,2289.48
2024,PA,Produção industrial (bens e serviços),Mulher,Não informada,5,1751.89,1834.83
2024,PA,Profissionais das ciências e artes,Homem,Amarela,3,2095.25,2207.3
2024,PA,Profissionais das ciências e artes,Homem,Branca,2,2595.77,2595.77
2024,PA,Profissionais das ciências e artes,Homem,Negra (preta+parda),4,1502.79,1545.78
2024,PA,Profissionais das ciências e artes,Homem,Não informada,4,1839.09,2029.69
2024,PA,Profissionais das ciências e artes,Mulher,Branca,1,1724.82,1724.82
2024,PA,Profissionais das ciências e artes,Mulher,Negra (preta+parda),2,2143.13,2143.13
2024,PA,Serviços administrativos,Homem,Branca,4,1484.56,1659.82
2024,PA,Serviços administrativos,Homem,Negra (preta+parda),4,2051.99,2020.27
2024,PA,Serviços administrativos,Homem,Não informada,5,1459.97,1250.42
2024,PA,Serviços administrativos,Mulher,Amarela,1,1742.08,1742.08
2024,PA,Serviços administrativos,Mulher,Branca,2,2014.42,2014.42
2024,PA,Serviços administrativos,Mulher,Negra (preta+parda),2,2925.07,2925.07
2024,PA,Serviços administrativos,Mulher,Não informada,3,1727.21,1995.35
2024,PA,Serviços e comércio,Homem,Amarela,1,1144.93,1144.93
2024,PA,Serviços e comércio,Homem,Branca,1,2339.97,2339.97
2024,PA,Serviços e comércio,Homem,Negra (preta+parda),2,2076.6,2076.6
2024,PA,Serviços e comércio,Homem,Não informada,4,2417.16,1706.15
2024,PA,Serviços e comércio,Mulher,Amarela,3,1883.98,1811.32
2024,PA,Serviços e comércio,Mulher,Branca,1,2689.1,2689.1
2024,PA,Serviços e comércio,Mulher,Negra (preta+parda),3,2192.92,2172.12
2024,PA,Serviços e comércio,Mulher,Não informada,2,2070.17,2070.17
2024,PB,Dirigentes e gerentes,Homem,Amarela,2,2080.64,2080.64
2024,PB,Dirigentes e gerentes,Homem,Branca,4,1389.24,1212.68
2024,PB,Dirigentes e gerentes,Homem,Negra (preta+parda),5,2376.55,2109.91
2024,PB,Dirigentes e gerentes,Homem,Não informada,2,1787.28,1787.28
2024,PB,Dirigentes e gerentes,Mulher,Amarela,3,2529.31,2416.22
2024,PB,Dirigentes e gerentes,Mulher,Negra (preta+parda),2,2015.46,2015.46
2024,PB,Produção industrial (bens e serviços),Homem,Amarela,3,3078.6,2903.12
2024,PB,Produção industrial (bens e serviços),Homem,Branca,2,1648.95,1648.95
2024,PB,Produção industrial (bens e serviços),Homem,Negra (preta+parda),5,1727.43,1559.29
2024,PB,Produção industrial (bens e serviços),Homem,Não informada,1,976.2,976.2
2024,PB,Produção industrial (bens e serviços),Mulher,Amarela,1,2246.51,2246.51
2024,PB,Produção industrial (bens e serviços),Mulher,Branca,3,2132.99,2315.0
2024,PB,Produção industrial (bens e serviços),Mulher,Negra (preta+parda),1,1733.29,1733.29
2024,PB,Produção industrial (bens e serviços),Mulher,Não informada,1,2525.16,2525.16
2024,PB,Profissionais das ciências e artes,Homem,Amarela,1,2531.24,2531.24
2024,PB,Profissionais das ciências e artes,Homem,Branca,3,1424.58,1472.47
2024,PB,Profissionais das ciências e artes,Homem,Negra (preta+parda),1,2213.62,2213.62
2024,PB,Profissionais das ciências e artes,Homem,Não informada,5,2011.19,1483.83
2024,PB,Profissionais das ciências e artes,Mulher,Amarela,1,1563.99,1563.99
2024,PB,Profissionais das ciências e artes,Mulher,Branca,1,2423.33,2423.33
2024,PB,Profissionais das ciências e artes,Mulher,Negra (preta+parda),3,1750.75,1705.3
2024,PB,Profissionais das ciências e artes,Mulher,Não informada,1,2217.76,2217.76
2024,PB,Serviços administrativos,Homem,Amarela,2,2355.1,2355.1
2024,PB,Serviços administrativos,Homem,Branca,3,2141.86,2320.27
2024,PB,Serviços administrativos,Homem,Negra (preta+parda),4,1892.38,1653.02
2024,PB,Serviços administrativos,Homem,Não informada,5,2127.55,1898.74
2024,PB,Serviços administrativos,Mulher,Amarela,2,968.26,968.26
2024,PB,Serviços administrativos,Mulher,Branca,1,4308.02,4308.02
2024,PB,Serviços administrativos,Mulher,Negra (preta+parda),1,2200.73,2200.73
2024,PB,Serviços administrativos,Mulher,Não informada,2,1821.18,1821.18
2024,PB,Serviços e comércio,Homem,Amarela,1,2068.38,2068.38
2024,PB,Serviços e comércio,Homem,Branca,2,1846.47,1846.47
2024,PB,Serviços e comércio,Homem,Negra (preta+parda),6,2899.34,2431.93
2024,PB,Serviços e comércio,Homem,Não informada,2,1126.89,1126.89
2024,PB,Serviços e comércio,Mulher,Amarela,5,1664.57,1738.04
2024,PB,Serviços e comércio,Mulher,Branca,1,3421.54,3421.54
2024,PB,Serviços e comércio,Mulher,Negra (preta+parda),3,2045.79,1809.35
2024,PB,Serviços e comércio,Mulher,Não informada,4,2689.48,2448.22
2024,PE,Dirigentes e gerentes,Homem,Amarela,2,2687.94,2687.94
2024,PE,Dirigentes e gerentes,Homem,Branca,2,2406.37,2406.37
2024,PE,Dirigentes e gerentes,Homem,Negra (preta+parda),6,2630.22,2462.84
2024,PE,Dirigentes e gerentes,Homem,Não informada,5,1163.82,1278.2
2024,PE,Dirigentes e gerentes,Mulher,Branca,2,1530.04,1530.04
2024,PE,Dirigentes e gerentes,Mulher,Negra (preta+parda),4,1849.08,1802.31
2024,PE,Dirigentes e gerentes,Mulher,Não informada,1,2165.16,2165.16
2024,PE,Produção industrial (bens e serviços),Homem,Amarela,4,1639.87,1695.58
2024,PE,Produção industrial (bens e serviços),Homem,Branca,4,1763.35,1736.23
2024,PE,Produção industrial (bens e serviços),Homem,Negra (preta+parda),6,2629.08,2455.37
2024,PE,Produção industrial (bens e serviços),Homem,Não informada,5,1814.76,1572.7
2024,PE,Produção industrial (bens e serviços),Mulher,Amarela,1,1395.02,1395.02
2024,PE,Produção industrial (bens e serviços),Mulher,Branca,1,3371.1,3371.1
2024,PE,Produção industrial (bens e serviços),Mulher,Negra (preta+parda),2,1244.18,1244.18
2024,PE,Produção industrial (bens e serviços),Mulher,Não informada,2,2663.98,2663.98
2024,PE,Profissionais das ciências e artes,Homem,Amarela,2,1478.22,1478.22
2024,PE,Profissionais das ciências e artes,Homem,Branca,1,1790.35,1790.35
2024,PE,Profissionais das ciências e artes,Homem,Negra (preta+parda),4,1524.87,1587.1
2024,PE,Profissionais das ciências e artes,Homem,Não informada,4,1429.1,1190.99
2024,PE,Profissionais das ciências e artes,Mulher,Amarela,1,1529.89,1529.89
2024,PE,Profissionais das ciências e artes,Mulher,Negra (preta+parda),2,1819.02,1819.02
2024,PE,Profissionais das ciências e artes,Mulher,Não informada,1,2184.11,2184.11
2024,PE,Serviços administrativos,Homem,Branca,1,2255.16,2255.16
2024,PE,Serviços administrativos,Homem,Negra (preta+parda),1,1530.94,1530.94
2024,PE,Serviços administrativos,Mulher,Amarela,1,2053.15,2053.15
2024,PE,Serviços administrativos,Mulher,Negra (preta+parda),3,1922.47,1846.35
2024,PE,Serviços administrativos,Mulher,Não informada,4,1368.65,1379.18
2024,PE,Serviços e comércio,Homem,Amarela,2,1535.3,1535.3
2024,PE,Serviços e comércio,Homem,Negra (preta+parda),5,2026.56,2235.7
2024,PE,Serviços e comércio,Homem,Não informada,4,1612.77,1583.82
2024,PE,Serviços e comércio,Mulher,Amarela,2,3208.73,3208.73
2024,PE,Serviços e comércio,Mulher,Branca,2,1524.64,1524.64
2024,PE,Serviços e comércio,Mulher,Negra (preta+parda),3,1470.51,956.17
2024,PE,Serviços e comércio,Mulher,Não informada,3,1680.34,1311.12
2024,PI,Dirigentes e gerentes,Homem,Amarela,1,1519.34,1519.34
2024,PI,Dirigentes e gerentes,Homem,Branca,2,2865.44,2865.44
2024,PI,Dirigentes e gerentes,Homem,Negra (preta+parda),3,2101.56,2300.31
2024,PI,Dirigentes e gerentes,Homem,Não informada,6,2208.08,2352.08
2024,PI,Dirigentes e gerentes,Mulher,Amarela,1,4390.43,4390.43
2024,PI,Dirigentes e gerentes,Mulher,Branca,4,1365.76,1201.29
2024,PI,Dirigentes e gerentes,Mulher,Negra (preta+parda),1,2870.31,2870.31
2024,PI,Produção industrial (bens e serviços),Homem,Amarela,1,2709.11,2709.11
2024,PI,Produção industrial (bens e serviços),Homem,Branca,2,3250.23,3250.23
2024,PI,Produção industrial (bens e serviços),Homem,Negra (preta+parda),2,1123.94,1123.94
2024,PI,Produção industrial (bens e serviços),Homem,Não informada,1,2070.88,2070.88
2024,PI,Produção industrial (bens e serviços),Mulher,Amarela,1,1132.25,1132.25
2024,PI,Produção industrial (bens e serviços),Mulher,Branca,1,1430.17,1430.17
2024,PI,Produção industrial (bens e serviços),Mulher,Negra (preta+parda),4,1687.47,1687.96
2024,PI,Produção industrial (bens e serviços),Mulher,Não informada,2,2195.33,2195.33
2024,PI,Profissionais das ciências e artes,Homem,Amarela,2,3000.76,3000.76
2024,PI,Profissionais das ciências e artes,Homem,Branca,1,1525.98,1525.98
2024,PI,Profissionais das ciências e artes,Homem,Negra (preta+parda),1,1186.31,1186.31
2024,PI,Profissionais das ciências e artes,Homem,Não informada,2,1582.96,1582.96
2024,PI,Profissionais das ciências e artes,Mulher,Amarela,1,1854.64,1854.64
2024,PI,Profissionais das ciências e artes,Mulher,Negra (preta+parda),4,1734.49,1685.69
2024,PI,Profissionais das ciências e artes,Mulher,Não informada,4,1997.81,1853.47
2024,PI,Serviços administrativos,Homem,Branca,2,2745.84,2745.84
2024,PI,Serviços administrativos,Homem,Negra (preta+parda),8,2307.83,2181.43
2024,PI,Serviços administrativos,Homem,Não informada,3,1343.41,1295.43
2024,PI,Serviços administrativos,Mulher,Amarela,2,1780.57,1780.57
2024,PI,Serviços administrativos,Mulher,Branca,4,2226.44,2359.24
2024,PI,Serviços administrativos,Mulher,Negra (preta+parda),1,1492.09,1492.09
2024,PI,Serviços administrativos,Mulher,Não informada,3,1496.27,1478.88
2024,PI,Serviços e comércio,Homem,Amarela,2,1998.86,1998.86
2024,PI,Serviços e comércio,Homem,Branca,1,1893.17,1893.17
2024,PI,Serviços e comércio,Homem,Negra (preta+parda),1,2030.17,2030.17
2024,PI,Serviços e comércio,Homem,Não informada,7,2196.25,2084.17
2024,PI,Serviços e comércio,Mulher,Negra (preta+parda),2,1081.99,1081.99
2024,PI,Serviços e comércio,Mulher,Não informada,2,1211.53,1211.53
2024,PR,Dirigentes e gerentes,Homem,Amarela,1,1953.32,1953.32
2024,PR,Dirigentes e gerentes,Homem,Branca,1,1472.04,1472.04
2024,PR,Dirigentes e gerentes,Homem,Negra (preta+parda),4,1639.95,1699.14
2024,PR,Dirigentes e gerentes,Homem,Não informada,1,2423.9,2423.9
2024,PR,Dirigentes e gerentes,Mulher,Branca,3,1518.36,1305.15
2024,PR,Dirigentes e gerentes,Mulher,Negra (preta+parda),4,1434.9,1552.53
2024,PR,Produção industrial (bens e serviços),Homem,Amarela,2,1407.57,1407.57
2024,PR,Produção industrial (bens e serviços),Homem,Branca,3,1700.95,1775.61
2024,PR,Produção industrial (bens e serviços),Homem,Negra (preta+parda),4,1328.42,1459.51
2024,PR,Produção industrial (bens e serviços),Homem,Não informada,4,1258.09,1291.03
2024,PR,Produção industrial (bens e serviços),Mulher,Amarela,2,1374.6,1374.6
2024,PR,Produção industrial (bens e serviços),Mulher,Branca,1,1237.15,1237.15
2024,PR,Produção industrial (bens e serviços),Mulher,Negra (preta+parda),1,1037.97,1037.97
2024,PR,Produção industrial (bens e serviços),Mulher,Não informada,3,1480.09,1371.1
2024,PR,Profissionais das ciências e artes,Homem,Amarela,1,1070.92,1070.92
2024,PR,Profissionais das ciências e artes,Homem,Branca,1,1412.47,1412.47
2024,PR,Profissionais das ciências e artes,Homem,Negra (preta+parda),1,1427.98,1427.98
2024,PR,Profissionais das ciências e artes,Homem,Não informada,3,1927.33,1541.77
2024,PR,Profissionais das ciências e artes,Mulher,Amarela,1,1789.06,1789.06
2024,PR,Profissionais das ciências e artes,Mulher,Branca,1,1136.83,1136.83
2024,PR,Profissionais das ciências e artes,Mulher,Negra (preta+parda),2,1182.44,1182.44
2024,PR,Profissionais das ciências e artes,Mulher,Não informada,1,2377.07,2377.07
2024,PR,Serviços administrativos,Homem,Branca,2,2415.48,2415.48
2024,PR,Serviços administrativos,Homem,Negra (preta+parda),5,1262.78,1159.67
2024,PR,Serviços administrativos,Homem,Não informada,4,2168.07,2036.88
2024,PR,Serviços administrativos,Mulher,Amarela,1,1137.4,1137.4
2024,PR,Serviços administrativos,Mulher,Branca,1,1541.29,1541.29
2024,PR,Serviços administrativos,Mulher,Negra (preta+parda),2,1392.52,1392.52
2024,PR,Serviços administrativos,Mulher,Não informada,8,1740.01,1428.14
2024,PR,Serviços e comércio,Homem,Amarela,3,2708.55,2456.26
2024,PR,Serviços e comércio,Homem,Branca,4,1664.19,1693.51
2024,PR,Serviços e comércio,Homem,Negra (preta+parda),2,3076.62,3076.62
2024,PR,Serviços e comércio,Homem,Não informada,5,1986.79,1726.82
2024,PR,Serviços e comércio,Mulher,Amarela,1,1930.86,1930.86
2024,PR,Serviços e comércio,Mulher,Negra (preta+parda),1,2104.08,2104.08
2024,PR,Serviços e comércio,Mulher,Não informada,3,2068.58,2366.76
2024,RJ,Dirigentes e gerentes,Homem,Amarela,3,2199.61,2136.69
2024,RJ,Dirigentes e gerentes,Homem,Branca,3,1518.63,1376.69
2024,RJ,Dirigentes e gerentes,Homem,Negra (preta+parda),5,1818.05,1684.51
2024,RJ,Dirigentes e gerentes,Homem,Não informada,3,1339.07,1325.67
2024,RJ,Dirigentes e gerentes,Mulher,Negra (preta+parda),2,2313.62,2313.62
2024,RJ,Produção industrial (bens e serviços),Homem,Amarela,2,2510.61,2510.61
2024,RJ,Produção industrial (bens e serviços),Homem,Branca,1,530.66,530.66
2024,RJ,Produção industrial (bens e serviços),Homem,Negra (preta+parda),6,2079.34,1961.28
2024,RJ,Produção industrial (bens e serviços),Homem,Não informada,4,2619.09,2847.6
2024,RJ,Produção industrial (bens e serviços),Mulher,Branca,2,1162.24,1162.24
2024,RJ,Produção industrial (bens e serviços),Mulher,Negra (preta+parda),1,1801.3,1801.3
2024,RJ,Produção industrial (bens e serviços),Mulher,Não informada,3,1838.0,1873.79
2024,RJ,Profissionais das ciências e artes,Homem,Amarela,1,1773.75,1773.75
2024,RJ,Profissionais das ciências e artes,Homem,Branca,1,1394.23,1394.23
2024,RJ,Profissionais das ciências e artes,Homem,Negra (preta+parda),5,2336.61,1885.8
2024,RJ,Profissionais das ciências e artes,Homem,Não informada,4,2653.38,2833.9
2024,RJ,Profissionais das ciências e artes,Mulher,Amarela,1,2420.49,2420.49
2024,RJ,Profissionais das ciências e artes,Mulher,Negra (preta+parda),2,2610.28,2610.28
2024,RJ,Profissionais das ciências e artes,Mulher,Não informada,5,1950.25,1794.11
2024,RJ,Serviços administrativos,Homem,Amarela,2,2212.31,2212.31
2024,RJ,Serviços administrativos,Homem,Branca,3,1446.9,1215.59
2024,RJ,Serviços administrativos,Homem,Negra (preta+parda),2,1022.44,1022.44
2024,RJ,Serviços administrativos,Homem,Não informada,4,1994.57,1924.93
2024,RJ,Serviços administrativos,Mulher,Amarela,2,1502.37,1502.37
2024,RJ,Serviços administrativos,Mulher,Branca,2,2637.43,2637.43
2024,RJ,Serviços administrativos,Mulher,Negra (preta+parda),2,2580.51,2580.51
2024,RJ,Serviços administrativos,Mulher,Não informada,1,3780.16,3780.16
2024,RJ,Serviços e comércio,Homem,Amarela,1,2187.29,2187.29
2024,RJ,Serviços e comércio,Homem,Branca,2,2014.91,2014.91
2024,RJ,Serviços e comércio,Homem,Negra (preta+parda),2,1842.78,1842.78
2024,RJ,Serviços e comércio,Homem,Não informada,1,1369.32,1369.32
2024,RJ,Serviços e comércio,Mulher,Negra (preta+parda),3,1672.79,1863.39
2024,RN,Dirigentes e gerentes,Homem,Amarela,1,2613.98,2613.98
2024,RN,Dirigentes e gerentes,Homem,Branca,2,2458.78,2458.78
2024,RN,Dirigentes e gerentes,Homem,Negra (preta+parda),6,1871.24,1805.16
2024,RN,Dirigentes e gerentes,Homem,Não informada,1,3815.61,3815.61
2024,RN,Dirigentes e gerentes,Mulher,Amarela,3,1951.44,1725.4
2024,RN,Dirigentes e gerentes,Mulher,Branca,1,2606.1,2606.1
2024,RN,Dirigentes e gerentes,Mulher,Negra (preta+parda),1,2460.97,2460.97
2024,RN,Dirigentes e gerentes,Mulher,Não informada,3,1741.01,1553.72
2024,RN,Produção industrial (bens e serviços),Homem,Amarela,2,1884.37,1884.37
2024,RN,Produção industrial (bens e serviços),Homem,Branca,2,2232.12,2232.12
2024,RN,Produção industrial (bens e serviços),Homem,Negra (preta+parda),2,2128.27,2128.27
2024,RN,Produção industrial (bens e serviços),Homem,Não informada,2,3062.2,3062.2
2024,RN,Produção industrial (bens e serviços),Mulher,Branca,1,2286.07,2286.07
2024,RN,Produção industrial (bens e serviços),Mulher,Negra (preta+parda),3,2357.45,1907.96
2024,RN,Produção industrial (bens e serviços),Mulher,Não informada,2,2198.3,2198.3
2024,RN,Profissionais das ciências e artes,Homem,Amarela,2,2513.82,2513.82
2024,RN,Profissionais das ciências e artes,Homem,Branca,1,2114.71,2114.71
2024,RN,Profissionais das ciências e artes,Homem,Negra (preta+parda),4,1690.63,1600.1
2024,RN,Profissionais das ciências e artes,Homem,Não informada,3,2054.68,1749.98
2024,RN,Profissionais das ciências e artes,Mulher,Amarela,3,2230.66,1581.76
2024,RN,Profissionais das ciências e artes,Mulher,Branca,2,1766.78,1766.78
2024,RN,Profissionais das ciências e artes,Mulher,Negra (preta+parda),4,2265.2,2188.0
2024,RN,Profissionais das ciências e artes,Mulher,Não informada,2,1626.54,1626.54
2024,RN,Serviços administrativos,Homem,Amarela,1,1985.34,1985.34
2024,RN,Serviços administrativos,Homem,Negra (preta+parda),1,2057.17,2057.17
2024,RN,Serviços administrativos,Homem,Não informada,5,2118.6,1999.47
2024,RN,Serviços administrativos,Mulher,Amarela,2,1530.12,1530.12
2024,RN,Serviços administrativos,Mulher,Branca,1,1525.52,1525.52
2024,RN,Serviços administrativos,Mulher,Negra (preta+parda),4,1898.66,1667.68
2024,RN,Serviços administrativos,Mulher,Não informada,3,1740.71,1859.27
2024,RN,Serviços e comércio,Homem,Amarela,4,2109.78,1743.17
2024,RN,Serviços e comércio,Homem,Branca,4,1917.36,1886.43
2024,RN,Serviços e comércio,Homem,Negra (preta+parda),3,1911.44,1784.85
2024,RN,Serviços e comércio,Homem,Não informada,3,1961.56,2044.47
2024,RN,Serviços e comércio,Mulher,Amarela,2,2517.26,2517.26
2024,RN,Serviços e comércio,Mulher,Branca,1,1247.59,1247.59
2024,RN,Serviços e comércio,Mulher,Negra (preta+parda),3,1573.71,1165.89
2024,RN,Serviços e comércio,Mulher,Não informada,3,2385.99,2701.12
2024,RO,Dirigentes e gerentes,Homem,Amarela,1,2457.63,2457.63
2024,RO,Dirigentes e gerentes,Homem,Branca,3,1739.78,1586.82
2024,RO,Dirigentes e gerentes,Homem,Negra (preta+parda),4,1467.69,1557.35
2024,RO,Dirigentes e gerentes,Homem,Não informada,4,1541.34,1416.18
2024,RO,Dirigentes e gerentes,Mulher,Amarela,2,1908.34,1908.34
2024,RO,Dirigentes e gerentes,Mulher,Negra (preta+parda),4,1357.92,975.64
2024,RO,Dirigentes e gerentes,Mulher,Não informada,1,1879.6,1879.6
2024,RO,Produção industrial (bens e serviços),Homem,Amarela,3,2587.6,3134.09
2024,RO,Produção industrial (bens e serviços),Homem,Negra (preta+parda),5,1612.93,1586.82
2024,RO,Produção industrial (bens e serviços),Homem,Não informada,3,1360.81,1198.32
2024,RO,Produção industrial (bens e serviços),Mulher,Branca,1,958.57,958.57
2024,RO,Produção industrial (bens e serviços),Mulher,Negra (preta+parda),4,1895.46,1652.05
2024,RO,Produção industrial (bens e serviços),Mulher,Não informada,5,2607.0,2547.19
2024,RO,Profissionais das ciências e artes,Homem,Amarela,1,1081.58,1081.58
2024,RO,Profissionais das ciências e artes,Homem,Branca,3,2420.05,2922.71
2024,RO,Profissionais das ciências e artes,Homem,Negra (preta+parda),1,1508.99,1508.99
2024,RO,Profissionais das ciências e artes,Mulher,Branca,1,1642.59,1642.59
2024,RO,Profissionais das ciências e artes,Mulher,Negra (preta+parda),2,2840.72,2840.72
2024,RO,Profissionais das ciências e artes,Mulher,Não informada,5,1699.73,1592.61
2024,RO,Serviços administrativos,Homem,Amarela,1,2544.38,2544.38
2024,RO,Serviços administrativos,Homem,Branca,1,2600.02,2600.02
2024,RO,Serviços administrativos,Homem,Negra (preta+parda),2,2514.11,2514.11
2024,RO,Serviços administrativos,Homem,Não informada,6,2015.72,1868.2
2024,RO,Serviços administrativos,Mulher,Branca,3,2912.4,2615.09
2024,RO,Serviços administrativos,Mulher,Negra (preta+parda),2,1937.2,1937.2
2024,RO,Serviços e comércio,Homem,Amarela,3,1719.89,1479.73
2024,RO,Serviços e comércio,Homem,Branca,2,2209.77,2209.77
2024,RO,Serviços e comércio,Homem,Negra (preta+parda),4,2070.36,2105.2
2024,RO,Serviços e comércio,Homem,Não informada,4,2034.9,2026.11
2024,RO,Serviços e comércio,Mulher,Amarela,2,2704.4,2704.4
2024,RO,Serviços e comércio,Mulher,Branca,2,1655.06,1655.06
2024,RO,Serviços e comércio,Mulher,Negra (preta+parda),5,2300.09,2171.94
2024,RR,Dirigentes e gerentes,Homem,Amarela,3,1887.4,1850.86
2024,RR,Dirigentes e gerentes,Homem,Negra (preta+parda),3,2505.02,2415.26
2024,RR,Dirigentes e gerentes,Homem,Não informada,3,2438.83,2419.93
2024,RR,Dirigentes e gerentes,Mulher,Amarela,1,4493.36,4493.36
2024,RR,Dirigentes e gerentes,Mulher,Branca,2,1402.64,1402.64
2024,RR,Dirigentes e gerentes,Mulher,Negra (preta+parda),3,3327.61,3780.91
2024,RR,Produção industrial (bens e serviços),Homem,Amarela,4,1521.22,1373.24
2024,RR,Produção industrial (bens e serviços),Homem,Branca,1,2535.88,2535.88
2024,RR,Produção industrial (bens e serviços),Homem,Negra (preta+parda),4,1639.89,1418.34
2024,RR,Produção industrial (bens e serviços),Homem,Não informada,2,1613.05,1613.05
2024,RR,Produção industrial (bens e serviços),Mulher,Branca,2,2254.64,2254.64
2024,RR,Produção industrial (bens e serviços),Mulher,Negra (preta+parda),3,2129.73,1818.13
2024,RR,Produção industrial (bens e serviços),Mulher,Não informada,3,1926.43,1810.91
2024,RR,Profissionais das ciências e artes,Homem,Amarela,3,1245.72,1201.48
2024,RR,Profissionais das ciências e artes,Homem,Branca,3,1889.72,1744.83
2024,RR,Profissionais das ciências e artes,Homem,Negra (preta+parda),1,2170.31,2170.31
2024,RR,Profissionais das ciências e artes,Homem,Não informada,5,2545.46,2580.5
2024,RR,Profissionais das ciências e artes,Mulher,Amarela,1,1522.48,1522.48
2024,RR,Profissionais das ciências e artes,Mulher,Branca,4,2140.3,2169.36
2024,RR,Profissionais das ciências e artes,Mulher,Negra (preta+parda),1,1643.64,1643.64
2024,RR,Profissionais das ciências e artes,Mulher,Não informada,2,2014.3,2014.3
2024,RR,Serviços administrativos,Homem,Negra (preta+parda),1,2772.12,2772.12
2024,RR,Serviços administrativos,Homem,Não informada,2,1347.84,1347.84
2024,RR,Serviços administrativos,Mulher,Amarela,1,762.57,762.57
2024,RR,Serviços administrativos,Mulher,Branca,1,1782.37,1782.37
2024,RR,Serviços administrativos,Mulher,Negra (preta+parda),1,1226.16,1226.16
2024,RR,Serviços administrativos,Mulher,Não informada,4,1808.62,1860.08
2024,RR,Serviços e comércio,Homem,Amarela,2,1428.82,1428.82
2024,RR,Serviços e comércio,Homem,Branca,2,1580.9,1580.9
2024,RR,Serviços e comércio,Homem,Negra (preta+parda),6,1907.84,1871.42
2024,RR,Serviços e comércio,Homem,Não informada,3,3414.45,3621.19
2024,RR,Serviços e comércio,Mulher,Amarela,2,1654.19,1654.19
2024,RR,Serviços e comércio,Mulher,Branca,1,1309.31,1309.31
2024,RR,Serviços e comércio,Mulher,Negra (preta+parda),3,1337.52,1479.05
2024,RR,Serviços e comércio,Mulher,Não informada,1,2693.63,2693.63
2024,RS,Dirigentes e gerentes,Homem,Amarela,2,1609.08,1609.08
2024,RS,Dirigentes e gerentes,Homem,Negra (preta+parda),2,1717.22,1717.22
2024,RS,Dirigentes e gerentes,Homem,Não informada,7,2026.8,2101.7
2024,RS,Dirigentes e gerentes,Mulher,Amarela,2,1758.18,1758.18
2024,RS,Dirigentes e gerentes,Mulher,Negra (preta+parda),4,1911.56,1913.62
2024,RS,Produção industrial (bens e serviços),Homem,Amarela,4,1868.7,1521.2
2024,RS,Produção industrial (bens e serviços),Homem,Branca,1,2741.7,2741.7
2024,RS,Produção industrial (bens e serviços),Homem,Negra (preta+parda),1,1416.02,1416.02
2024,RS,Produção industrial (bens e serviços),Homem,Não informada,4,1510.28,1246.2
2024,RS,Produção industrial (bens e serviços),Mulher,Negra (preta+parda),5,2459.94,2031.84
2024,RS,Produção industrial (bens e serviços),Mulher,Não informada,3,1529.02,1460.63
2024,RS,Profissionais das ciências e artes,Homem,Amarela,2,1893.34,1893.34
2024,RS,Profissionais das ciências e artes,Homem,Negra (preta+parda),3,2536.2,2456.09
2024,RS,Profissionais das ciências e artes,Homem,Não informada,3,2024.85,2159.15
2024,RS,Profissionais das ciências e artes,Mulher,Amarela,1,4074.01,4074.01
2024,RS,Profissionais das ciências e artes,Mulher,Branca,1,2327.65,2327.65
2024,RS,Profissionais das ciências e artes,Mulher,Negra (preta+parda),2,1579.86,1579.86
2024,RS,Profissionais das ciências e artes,Mulher,Não informada,1,2226.87,2226.87
2024,RS,Serviços administrativos,Homem,Amarela,3,2400.46,2509.32
2024,RS,Serviços administrativos,Homem,Branca,3,2834.51,3257.08
2024,RS,Serviços administrativos,Homem,Não informada,5,1886.7,2179.61
2024,RS,Serviços administrativos,Mulher,Amarela,3,1759.59,1705.0
2024,RS,Serviços administrativos,Mulher,Branca,2,1784.58,1784.58
2024,RS,Serviços administrativos,Mulher,Negra (preta+parda),5,1749.89,1378.19
2024,RS,Serviços administrativos,Mulher,Não informada,2,1794.29,1794.29
2024,RS,Serviços e comércio,Homem,Branca,1,1617.67,1617.67
2024,RS,Serviços e comércio,Homem,Negra (preta+parda),3,1782.51,1548.05
2024,RS,Serviços e comércio,Homem,Não informada,8,2107.45,1971.97
2024,RS,Serviços e comércio,Mulher,Amarela,2,2508.4,2508.4
2024,RS,Serviços e comércio,Mulher,Branca,1,1920.28,1920.28
2024,RS,Serviços e comércio,Mulher,Negra (preta+parda),5,2085.9,2229.57
2024,RS,Serviços e comércio,Mulher,Não informada,4,2388.24,2120.86
2024,SC,Dirigentes e gerentes,Homem,Branca,1,2331.7,2331.7
2024,SC,Dirigentes e gerentes,Homem,Negra (preta+parda),2,1876.83,1876.83
2024,SC,Dirigentes e gerentes,Homem,Não informada,5,1639.16,1600.97
2024,SC,Dirigentes e gerentes,Mulher,Branca,1,1381.21,1381.21
2024,SC,Dirigentes e gerentes,Mulher,Negra (preta+parda),1,1367.54,1367.54
2024,SC,Dirigentes e gerentes,Mulher,Não informada,1,1317.28,1317.28
2024,SC,Produção industrial (bens e serviços),Homem,Branca,3,2123.16,2182.1
2024,SC,Produção industrial (bens e serviços),Homem,Negra (preta+parda),5,1557.4,1515.02
2024,SC,Produção industrial (bens e serviços),Homem,Não informada,3,1873.68,2163.11
2024,SC,Produção industrial (bens e serviços),Mulher,Amarela,1,2419.36,2419.36
2024,SC,Produção industrial (bens e serviços),Mulher,Branca,2,2209.54,2209.54
2024,SC,Produção industrial (bens e serviços),Mulher,Negra (preta+parda),2,2605.71,2605.71
2024,SC,Produção industrial (bens e serviços),Mulher,Não informada,2,1805.01,1805.01
2024,SC,Profissionais das ciências e artes,Homem,Negra (preta+parda),5,1528.21,1493.16
2024,SC,Profissionais das ciências e artes,Homem,Não informada,4,2508.19,2578.72
2024,SC,Profissionais das ciências e artes,Mulher,Amarela,1,1707.08,1707.08
2024,SC,Profissionais das ciências e artes,Mulher,Branca,2,1584.78,1584.78
2024,SC,Profissionais das ciências e artes,Mulher,Negra (preta+parda),1,1071.97,1071.97
2024,SC,Profissionais das ciências e artes,Mulher,Não informada,4,2335.8,1869.22
2024,SC,Serviços administrativos,Homem,Amarela,3,1373.45,1374.76
2024,SC,Serviços administrativos,Homem,Negra (preta+parda),1,1914.46,1914.46
2024,SC,Serviços administrativos,Homem,Não informada,4,1803.8,1699.12
2024,SC,Serviços administrativos,Mulher,Amarela,2,2804.64,2804.64
2024,SC,Serviços administrativos,Mulher,Branca,2,1335.36,1335.36
2024,SC,Serviços administrativos,Mulher,Negra (preta+parda),2,1358.12,1358.12
2024,SC,Serviços administrativos,Mulher,Não informada,3,2840.41,2601.82
2024,SC,Serviços e comércio,Homem,Branca,1,1845.93,1845.93
2024,SC,Serviços e comércio,Homem,Não informada,1,1525.82,1525.82
2024,SC,Serviços e comércio,Mulher,Amarela,2,1802.82,1802.82
2024,SC,Serviços e comércio,Mulher,Branca,2,1926.36,1926.36
2024,SC,Serviços e comércio,Mulher,Negra (preta+parda),2,1160.54,1160.54
2024,SC,Serviços e comércio,Mulher,Não informada,4,1432.32,1337.98
2024,SE,Dirigentes e gerentes,Homem,Branca,1,1407.32,1407.32
2024,SE,Dirigentes e gerentes,Homem,Negra (preta+parda),3,1942.79,2138.05
2024,SE,Dirigentes e gerentes,Homem,Não informada,11,1911.54,1892.08
2024,SE,Dirigentes e gerentes,Mulher,Amarela,3,1689.47,1538.45
2024,SE,Dirigentes e gerentes,Mulher,Branca,1,2865.91,2865.91
2024,SE,Dirigentes e gerentes,Mulher,Negra (preta+parda),4,2101.74,1935.28
2024,SE,Dirigentes e gerentes,Mulher,Não informada,3,2284.1,2926.44
2024,SE,Produção industrial (bens e serviços),Homem,Amarela,2,2436.71,2436.71
2024,SE,Produção industrial (bens e serviços),Homem,Branca,1,1889.65,1889.65
2024,SE,Produção industrial (bens e serviços),Homem,Negra (preta+parda),4,2199.55,2430.52
2024,SE,Produção industrial (bens e serviços),Homem,Não informada,5,1372.9,1244.93
2024,SE,Produção industrial (bens e serviços),Mulher,Amarela,1,2136.06,2136.06
2024,SE,Produção industrial (bens e serviços),Mulher,Branca,1,1609.49,1609.49
2024,SE,Produção industrial (bens e serviços),Mulher,Negra (preta+parda),4,2078.62,2314.6
2024,SE,Produção industrial (bens e serviços),Mulher,Não informada,1,1458.49,1458.49
2024,SE,Profissionais das ciências e artes,Homem,Negra (preta+parda),4,1505.56,1221.09
2024,SE,Profissionais das ciências e artes,Homem,Não informada,2,1813.89,1813.89
2024,SE,Profissionais das ciências e artes,Mulher,Amarela,2,1608.43,1608.43
2024,SE,Profissionais das ciências e artes,Mulher,Branca,1,1426.78,1426.78
2024,SE,Profissionais das ciências e artes,Mulher,Negra (preta+parda),2,1233.97,1233.97
2024,SE,Profissionais das ciências e artes,Mulher,Não informada,3,1865.29,1563.24
2024,SE,Serviços administrativos,Homem,Amarela,1,2870.84,2870.84
2024,SE,Serviços administrativos,Homem,Branca,3,1575.78,1658.48
2024,SE,Serviços administrativos,Homem,Negra (preta+parda),4,1371.6,1422.9
2024,SE,Serviços administrativos,Homem,Não informada,1,680.75,680.75
2024,SE,Serviços administrativos,Mulher,Amarela,2,1488.46,1488.46
2024,SE,Serviços administrativos,Mulher,Branca,2,1772.27,1772.27
2024,SE,Serviços administrativos,Mulher,Não informada,1,2892.44,2892.44
2024,SE,Serviços e comércio,Homem,Amarela,2,3532.24,3532.24
2024,SE,Serviços e comércio,Homem,Branca,1,1417.92,1417.92
2024,SE,Serviços e comércio,Homem,Negra (preta+parda),1,2638.02,2638.02
2024,SE,Serviços e comércio,Homem,Não informada,6,1664.15,1752.33
2024,SE,Serviços e comércio,Mulher,Amarela,2,2006.58,2006.58
2024,SE,Serviços e comércio,Mulher,Branca,3,1830.58,1835.89
2024,SE,Serviços e comércio,Mulher,Não informada,1,2643.82,2643.82
2024,SP,Dirigentes e gerentes,Homem,Amarela,1,1250.84,1250.84
2024,SP,Dirigentes e gerentes,Homem,Branca,2,1449.55,1449.55
2024,SP,Dirigentes e gerentes,Homem,Negra (preta+parda),5,1815.22,1736.61
2024,SP,Dirigentes e gerentes,Homem,Não informada,3,1618.6,1543.82
2024,SP,Dirigentes e gerentes,Mulher,Branca,1,2457.58,2457.58
2024,SP,Dirigentes e gerentes,Mulher,Negra (preta+parda),2,1638.3,1638.3
2024,SP,Dirigentes e gerentes,Mulher,Não informada,4,2333.29,2424.66
2024,SP,Produção industrial (bens e serviços),Homem,Amarela,1,916.63,916.63
2024,SP,Produção industrial (bens e serviços),Homem,Branca,1,1903.33,1903.33
2024,SP,Produção industrial (bens e serviços),Homem,Negra (preta+parda),5,2960.47,1778.18
2024,SP,Produção industrial (bens e serviços),Homem,Não informada,3,2129.95,2122.88
2024,SP,Produção industrial (bens e serviços),Mulher,Amarela,1,1988.73,1988.73
2024,SP,Produção industrial (bens e serviços),Mulher,Negra (preta+parda),3,1764.04,1520.77
2024,SP,Produção industrial (bens e serviços),Mulher,Não informada,2,2567.85,2567.85
2024,SP,Profissionais das ciências e artes,Homem,Branca,1,2185.76,2185.76
2024,SP,Profissionais das ciências e artes,Homem,Negra (preta+parda),3,2853.98,2163.26
2024,SP,Profissionais das ciências e artes,Homem,Não informada,2,1141.25,1141.25
2024,SP,Profissionais das ciências e artes,Mulher,Amarela,2,1998.34,1998.34
2024,SP,Profissionais das ciências e artes,Mulher,Branca,1,2020.56,2020.56
2024,SP,Profissionais das ciências e artes,Mulher,Negra (preta+parda),4,1787.86,1618.49
2024,SP,Serviços administrativos,Homem,Amarela,2,2213.05,2213.05
2024,SP,Serviços administrativos,Homem,Branca,2,1871.94,1871.94
2024,SP,Serviços administrativos,Homem,Negra (preta+parda),4,1553.02,1600.52
2024,SP,Serviços administrativos,Homem,Não informada,5,1710.68,1607.44
2024,SP,Serviços administrativos,Mulher,Amarela,2,1750.34,1750.34
2024,SP,Serviços administrativos,Mulher,Branca,1,3303.74,3303.74
2024,SP,Serviços administrativos,Mulher,Negra (preta+parda),2,2137.96,2137.96
2024,SP,Serviços administrativos,Mulher,Não informada,2,1785.18,1785.18
2024,SP,Serviços e comércio,Homem,Amarela,1,1614.11,1614.11
2024,SP,Serviços e comércio,Homem,Branca,1,992.86,992.86
2024,SP,Serviços e comércio,Homem,Negra (preta+parda),5,3240.88,3603.35
2024,SP,Serviços e comércio,Homem,Não informada,4,1397.53,1358.05
2024,SP,Serviços e comércio,Mulher,Amarela,1,3746.15,3746.15
2024,SP,Serviços e comércio,Mulher,Negra (preta+parda),7,1599.55,1676.79
2024,SP,Serviços e comércio,Mulher,Não informada,4,1667.78,1492.86
2024,TO,Dirigentes e gerentes,Homem,Amarela,2,1680.68,1680.68
2024,TO,Dirigentes e gerentes,Homem,Branca,1,1564.63,1564.63
2024,TO,Dirigentes e gerentes,Homem,Negra (preta+parda),4,1621.49,1655.53
2024,TO,Dirigentes e gerentes,Homem,Não informada,3,1623.17,1584.44
2024,TO,Dirigentes e gerentes,Mulher,Branca,2,1799.66,1799.66
2024,TO,Dirigentes e gerentes,Mulher,Negra (preta+parda),5,1999.39,2280.05
2024,TO,Dirigentes e gerentes,Mulher,Não informada,2,1116.16,1116.16
2024,TO,Produção industrial (bens e serviços),Homem,Amarela,1,1702.8,1702.8
2024,TO,Produção industrial (bens e serviços),Homem,Branca,1,2507.32,2507.32
2024,TO,Produção industrial (bens e serviços),Homem,Negra (preta+parda),1,1445.88,1445.88
2024,TO,Produção industrial (bens e serviços),Homem,Não informada,1,3000.69,3000.69
2024,TO,Produção industrial (bens e serviços),Mulher,Amarela,2,3665.95,3665.95
2024,TO,Produção industrial (bens e serviços),Mulher,Branca,1,1000.5,1000.5
2024,TO,Produção industrial (bens e serviços),Mulher,Negra (preta+parda),1,2841.87,2841.87
2024,TO,Produção industrial (bens e serviços),Mulher,Não informada,2,1908.82,1908.82
2024,TO,Profissionais das ciências e artes,Homem,Amarela,1,2783.43,2783.43
2024,TO,Profissionais das ciências e artes,Homem,Branca,2,1377.98,1377.98
2024,TO,Profissionais das ciências e artes,Homem,Negra (preta+parda),2,1393.2,1393.2
2024,TO,Profissionais das ciências e artes,Homem,Não informada,2,2531.94,2531.94
2024,TO,Profissionais das ciências e artes,Mulher,Amarela,3,2506.09,1340.46
2024,TO,Profissionais das ciências e artes,Mulher,Negra (preta+parda),8,2533.55,2164.3
2024,TO,Profissionais das ciências e artes,Mulher,Não informada,1,1248.6,1248.6
2024,TO,Serviços administrativos,Homem,Amarela,1,2418.87,2418.87
2024,TO,Serviços administrativos,Homem,Branca,2,2173.72,2173.72
2024,TO,Serviços administrativos,Homem,Negra (preta+parda),2,1934.93,1934.93
2024,TO,Serviços administrativos,Homem,Não informada,2,2467.18,2467.18
2024,TO,Serviços administrativos,Mulher,Amarela,3,1212.48,1097.51
2024,TO,Serviços administrativos,Mulher,Branca,2,2674.48,2674.48
2024,TO,Serviços administrativos,Mulher,Negra (preta+parda),5,2267.75,2124.35
2024,TO,Serviços administrativos,Mulher,Não informada,6,1786.03,1849.21
2024,TO,Serviços e comércio,Homem,Branca,1,2170.11,2170.11
2024,TO,Serviços e comércio,Homem,Negra (preta+parda),3,1619.59,1138.3
2024,TO,Serviços e comércio,Homem,Não informada,6,1607.09,1521.03
2024,TO,Serviços e comércio,Mulher,Amarela,2,2571.72,2571.72
2024,TO,Serviços e comércio,Mulher,Branca,1,3012.44,3012.44
2024,TO,Serviços e comércio,Mulher,Não informada,2,1615.98,1615.98
